# The repairs' case map: one row per renamed TEST_CASE or SUBCASE -- file, old name, new name,
# kind (bare: a leading lone letter or number taken off, a plan's step label nothing in the tree
# explains; reworded: a name that read as another claim, said as the case proves it). Applied and
# proved as map.tsv is, with --map (tools/phase-codes/apply.py, prove.py).
# file	old	new	kind
tests/test_maker.cpp	e: a behaviour edit with the schema unchanged is a swap_state -- same WeaveId, Revived announced, state kept, the new body spent	a behaviour edit with the schema unchanged is a swap_state -- same WeaveId, Revived announced, state kept, the new body spent	bare
tests/test_maker.cpp	e: a definition whose state schema differs is refused as a behaviour edit, and the live weave is untouched	a definition whose state schema differs is refused as a behaviour edit, and the live weave is untouched	bare
tests/test_maker.cpp	f: a conversion the write refuses reaches no candidate -- the transaction aborts, the incumbent is resumed and is still the service	a conversion the write refuses reaches no candidate -- the transaction aborts, the incumbent is resumed and is still the service	bare
tests/test_maker.cpp	f: the field-wise write refuses a target with no source, a source the schema lacks, a kind mismatch, two sources, a constant of a non-scalar kind, and a predecessor field neither copied nor dropped	the field-wise write refuses a target with no source, a source the schema lacks, a kind mismatch, two sources, a constant of a non-scalar kind, and a predecessor field neither copied nor dropped	bare
tests/test_maker.cpp	b: a definition claiming another version is refused by its number, and one whose own version field disagrees with its envelope is a forgery	a definition claiming another version is refused by its number, and one whose own version field disagrees with its envelope is a forgery	bare
tests/test_maker.cpp	b: the definition schema carries no author field, and the file says so	the definition schema carries no author field, and the file says so	bare
tests/test_maker.cpp	b: a state file of another version is refused by name at load, and nothing converts it	a state file of another version is refused by name at load, and nothing converts it	bare
tests/test_maker.cpp	a: a definition is refused when an on names an unaccepted message, an unknown output field, or an emit field with no source	a definition is refused when an on names an unaccepted message, an unknown output field, or an emit field with no source	bare
tests/test_maker.cpp	e: an aborted succession discards the sealed candidate and leaves the incumbent the service with its state	an aborted succession discards the sealed candidate and leaves the incumbent the service with its state	bare
tests/test_maker.cpp	2: a definition whose state nests a message and a list decodes through its referenced section -- the seven kinds, closed	a definition whose state nests a message and a list decodes through its referenced section -- the seven kinds, closed	bare
tests/test_maker.cpp	3: an optional state field bound by a trigger is refused at admission; an unbound optional field is admitted and absent in the default state	an optional state field bound by a trigger is refused at admission; an unbound optional field is admitted and absent in the default state	bare
tests/test_workshop_panes_introspection.cpp	the census is slack-only and its counts agree in number	the census is slack-only and each noun agrees with its count	reworded
