# The identifiers the rename changes: scope (`*` every file, else that file alone), old, new, why.
# A name that travels -- a wire shape, a persisted identity, a permanent id -- is never a row here
# until the founder answers; prove.py holds that list and refuses a row that names one.
*	kMakerPaneKind	kWeaverPaneKind	the handle of the pane a weaver made
*	maker_pane_act	weaver_pane_act	the three acts on the pane a weaver made
*	maker_pane_ref	weaver_pane_ref	the durable reference that pane earns from its name
*	MakerPane	WeaverPane	the pane a weaver made, as this run holds it
*	maker_region	weaver_region	a region of that pane
*	is_maker_kind	is_weaver_kind	is this that pane's handle
*	kMaxMakerPaneNameLen	kMaxWeaverPaneNameLen	how long that pane's name may be
*	kMakerPaneSummary	kWeaverPaneSummary	the line a list reads under that pane's name
*	maker_pane_dirty_sentence	weaver_pane_dirty_sentence	what a dirty definition says
*	maker_pane_interior	weaver_pane_interior	that pane's interior
*	maker_pane_text	weaver_pane_text	that pane's painted text
*	check_maker_pane_name	check_weaver_pane_name	a name that pane may take
*	discard_maker_pane_edits	discard_weaver_pane_edits	the discard act
*	new_maker_pane	new_weaver_pane	the create act
*	open_maker_pane	open_weaver_pane	the open definition
*	paint_maker_pane	paint_weaver_pane	that pane, painted
*	save_maker_pane	save_weaver_pane	the save act
*	ask_maker	ask_weaver	the desktop pane asking for the weaver
*	hand_maker	hand_weaver	a test's hand on the weaver's door
*	MakerTap	WeaverTap	a test's tap on what the weaver sees
*	MakerEars	WeaverEars	a test's ears on the weaver's namespace
*	mount_maker_ears	mount_weaver_ears	mounting them
*	kMaker	kWeaver	a mark the weaver made
workshop/panel.hpp	maker	weaver	`Panels::maker`, the pane a weaver made
workshop/setup.hpp	maker	weaver	`Panels::maker`
workshop/weave_maker.cpp	maker	weaver	`Panels::maker`
workshop/weave_run.cpp	maker	weaver	`Panels::maker`
workshop/screen_pane_subject.cpp	maker	weaver	`Panels::maker`
tests/test_workshop_panels_creator.cpp	maker	weaver	`Panels::maker`
tests/test_workshop_panes_actions.cpp	maker	weaver	`Panels::maker`
files/marks.hpp	maker	weaver	`LocationMarks::maker`, the places a weaver marked
files/marks_persist.hpp	maker	weaver	`LoadedMarks::maker`, and the parameters that carry them
files/files.cpp	maker	weaver	`LocationMarks::maker`, `LoadedMarks::maker`
tests/test_files.cpp	maker	weaver	`LocationMarks::maker`, `LoadedMarks::maker`
*	Panels::maker	Panels::weaver	the member, as prose spells it
*	LocationMarks::maker	LocationMarks::weaver	the member, as prose spells it
*	LoadedMarks::maker	LoadedMarks::weaver	the member, as prose spells it
external-host/tools/workshop/demo_setup.py	maker	weaver	the weaver's hand in a setup's readiness step
external-host/tools/workshop/workbench.py	maker_actions	weaver_actions	the weaver's actions a workbench run reports
*	MakerPaneRequested	WeaverPaneRequested	the desktop asking the host for an act on the pane a weaver made; a wire shape, renamed on the founder's answer (host and desktop pane rebuilt together)
*	MakerPaneAnswered	WeaverPaneAnswered	the host's answer to that ask; a wire shape, renamed on the founder's answer
